Id,Expected
1975,4
6013,211
14219,641
10199,24
7446,34
11476,213
16152,347
14440,302
6830,190
16661,117
10617,83
9107,90
13707,101
11585,61
3556,386
1720,73
9649,101
5049,334
4178,221
14467,121
4076,238
2849,543
16350,203
10686,184
1165,95
15066,115
5191,229
8470,31
9660,37
12587,470
2377,18
15810,28
12544,32
15542,258
4007,21
3529,374
14740,152
15926,54
15490,124
11493,341
3262,81
10212,40
15975,382
5771,1
12512,154
13704,177
13904,115
6201,21
15071,75
16877,539
4885,101
15488,99
11767,44
2587,202
2330,314
12421,350
1173,16
830,5
11127,79
3453,61
16693,21
4161,47
5363,2
13828,213
8622,34
2067,182
11324,20
4978,46
9846,282
13046,1
471,105
6970,23
13670,6
13535,186
355,233
12916,38
9345,270
3913,446
7275,4
13829,52
14088,56
9509,414
220,168
6381,6
13480,238
4253,148
2108,223
11548,131
1213,1
5549,143
10358,115
14003,442
12819,49
13693,7
7492,26
2514,734
2798,337
12619,161
7069,4
4994,177
1830,259
12815,183
2083,292
12600,7
537,16
4972,166
10336,4
9826,308
14122,23
7682,117
8132,7
14928,27
1183,5
2535,153
5783,203
13288,19
523,110
505,3
12968,199
9118,79
15672,33
5429,228
15102,9
13178,54
16429,291
16096,98
10958,305
11246,40
2851,154
2869,137
4597,164
15379,589
5031,74
1313,20
13409,24
1846,140
4019,436
12665,297
9374,123
7583,286
3804,177
13740,626
13964,12
11409,74
13334,501
4779,21
15610,162
4080,118
10854,3
2894,138
13021,6
6238,362
8614,346
4320,351
15315,106
11892,310
11792,56
12853,20
11543,124
15357,115
3890,9
14103,71
12206,14
5591,145
846,649
13521,125
6529,701
7331,214
8141,90
10025,365
40,300
15118,85
16575,134
2943,448
11604,287
5110,392
13350,187
10955,246
8620,305
9594,272
7241,4
4551,343
174,6
6628,71
8807,281
8071,410
333,419
12610,279
7519,181
11937,204
8407,16
4777,24
3981,70
16543,236
10884,367
10290,123
6223,692
14606,54
2582,19
2654,221
789,306
6361,69
4653,271
12079,45
2063,113
15142,5
4214,77
15827,82
2120,471
10738,43
10674,16
13601,24
4702,298
10384,266
3467,123
11850,392
14907,13
4852,579
6958,300
4162,375
17072,585
6267,71
17316,17
16978,308
1863,253
11063,213
755,295
17053,2
7729,151
235,130
8064,527
7135,207
1668,178
16854,112
14965,147
6225,14
4587,292
8028,25
14917,12
2721,233
7995,321
8116,233
2288,388
3744,195
8431,130
4554,89
3829,364
3755,18
7119,547
24,205
7477,138
17314,46
2891,297
825,472
1507,21
2224,257
7439,95
5579,278
3007,112
4801,3
12226,479
6498,280
3621,5
7925,62
10699,19
8162,39
2071,571
15518,144
2394,13
16439,359
8935,187
4457,220
15381,687
8501,654
17049,72
6918,7
12712,10
4360,150
2857,211
16388,161
1628,223
16975,3
3030,191
326,383
7184,405
5734,12
2897,59
3693,558
260,51
1343,118
1690,21
15004,236
16959,16
4468,12
554,16
1561,107
8453,243
250,443
14334,34
5132,3
14042,40
11588,92
916,14
10886,20
12120,98
15467,9
13945,142
15471,679
17337,369
13529,36
14481,64
12268,521
8660,270
12100,42
6556,55
6323,254
13923,396
16205,157
17289,68
8029,2
9182,27
15297,8
16666,364
13471,47
10157,217
3410,5
1622,33
12740,210
11554,3
5010,38
8657,52
8989,251
5283,48
10797,298
11735,55
12988,228
9713,7
4805,225
1571,72
3245,272
4807,123
8238,668
14456,21
10568,195
10814,61
9659,5
7688,4
7897,192
11957,315
3163,35
14398,183
990,114
17177,1
16061,472
6508,272
834,115
6650,255
1504,252
17011,402
12662,19
7810,108
971,480
6692,67
15617,32
13292,300
6458,175
6624,123
15749,57
14347,215
9879,33
3847,37
15049,52
210,222
5715,5
11890,476
9967,452
3456,11
2011,177
2563,201
4995,167
1217,72
688,172
8469,95
5331,304
6274,234
12873,234
14268,145
15403,37
10718,216
15544,244
8715,6
11935,71
9064,127
9869,351
10426,352
16915,731
4834,254
14023,28
1651,15
10184,29
9163,220
1703,238
10985,263
13456,110
2690,490
8699,363
2328,238
6336,120
12285,125
17082,3
15640,468
9793,114
6104,54
13936,248
4722,99
17044,4
6488,79
4961,106
4463,228
10588,59
9470,24
14469,103
7061,24
6463,785
4999,761
8954,250
14879,174
17123,98
5197,106
2755,166
7495,9
17151,224
5205,246
3968,11
9199,188
5986,16
4649,61
17096,13
6962,254
14810,455
16557,107
2937,5
3827,3
3854,125
8396,125
454,118
3741,645
999,37
13561,158
14887,65
15468,194
15420,216
13932,671
3340,54
520,495
3582,120
12595,3
8134,19
12621,26
11946,63
14779,39
385,290
2812,193
7190,116
8542,641
7025,355
12242,3
624,62
14880,202
13466,122
4217,1
3363,533
9179,154
8729,204
13057,89
4078,257
1707,184
5975,306
1494,3
11138,12
1398,6
8978,84
1793,65
11695,327
233,367
15160,98
5499,7
14032,23
6102,229
4135,5
15391,47
9400,66
12152,280
3015,205
6388,57
9294,20
2194,4
14781,13
10278,50
17117,473
6412,52
14322,347
8035,46
10721,11
2959,517
8769,121
5980,327
2078,107
13931,31
3130,115
15149,315
9536,9
15330,179
17308,65
12670,260
14600,314
4566,503
6246,180
12989,7
11682,391
17098,26
15784,41
16384,225
8792,343
6781,303
13357,412
43,7
12030,63
4809,41
16125,349
11358,19
3407,737
12534,86
14940,88
17340,2
14325,854
2726,229
138,83
6519,97
10679,238
2038,212
15658,106
11185,361
7078,218
10237,5
13256,238
15618,203
1610,145
2418,270
11254,398
13622,246
701,71
5444,395
9417,203
6777,173
12202,216
6224,502
8777,21
1552,28
5268,106
16885,381
4928,30
7381,463
10378,81
6322,203
13539,194
840,150
3046,92
3577,70
3315,631
11793,216
5432,495
2158,8
11530,164
2024,66
5207,12
382,608
8784,71
674,6
15559,592
10566,104
328,168
3449,61
5758,137
2208,839
3526,230
16920,15
15983,125
11565,157
12038,114
533,8
7026,158
9442,627
14175,6
871,219
8765,447
10413,116
11045,812
3186,48
16427,178
6343,9
10339,483
3575,20
5060,363
6667,11
10221,159
7133,201
1896,29
14642,523
15237,9
7808,367
9109,196
13395,290
3116,188
5809,98
3184,76
3150,78
3302,331
9560,171
8166,112
5112,337
13552,281
9386,233
6005,943
5530,39
12426,171
16135,3
6355,188
13604,51
3177,157
14747,6
15664,169
8226,398
8102,218
1456,95
9893,37
628,22
15792,50
14223,10
2626,250
13503,20
2273,87
13219,390
16332,169
6820,404
2776,177
10350,83
6165,6
2138,12
4308,121
1743,149
5673,37
11881,70
13419,90
17287,127
3659,29
15622,114
10890,138
4168,234
8851,78
6047,392
655,38
9362,51
3033,10
14764,14
5206,8
15940,73
8403,33
16812,5
8845,203
16352,4
9596,525
7318,3
9750,7
10331,417
11490,36
15023,141
12374,86
3468,305
2668,55
1930,56
12399,555
17206,441
3316,1
11948,125
11728,448
8753,232
4829,210
14474,145
17018,872
8497,8
7742,20
450,271
14532,350
3572,50
3212,238
6375,314
5595,122
5908,21
9468,15
12695,456
12350,253
11194,307
13042,654
11288,95
5987,95
368,7
3514,5
13188,641
4402,244
14667,223
10507,107
9079,521
12769,558
7864,95
16225,13
1656,239
2848,419
3697,95
7474,672
13748,18
14429,3
2754,162
3649,22
8710,319
2027,442
14608,470
2913,43
11089,400
12955,53
15423,22
17039,17
5706,260
15041,283
3497,10
10747,109
2938,624
13304,243
11371,65
9567,88
2864,3
240,475
10634,401
7541,110
3670,20
3542,122
9012,688
7483,28
1621,165
7666,93
2380,3
5302,331
371,253
12427,498
4429,3
5909,50
15754,198
15906,228
3784,127
14139,4
8847,11
13301,132
4561,50
14124,30
12669,332
7139,103
7795,122
3056,338
9670,71
13100,294
16119,34
11817,11
5826,90
17213,232
15813,58
12743,153
5611,84
12928,46
3867,225
4252,374
10773,164
503,4
4154,44
2978,294
8477,2
13193,185
13688,225
17296,122
16074,23
1980,74
16199,393
1798,376
16764,117
15019,15
2962,308
12377,493
12022,405
3321,153
13712,25
1198,280
10113,33
13551,113
9363,241
975,135
2650,4
7671,849
7724,3
7567,467
4661,89
8670,43
10119,44
2548,2
7623,20
7418,5
500,39
15835,337
14900,39
5028,93
16411,222
13294,6
4991,464
15667,391
3815,276
6004,235
12051,203
11259,501
8794,281
16284,203
8391,25
10888,176
7348,204
6946,256
11630,68
4415,626
15228,3
963,31
10591,743
10929,250
15999,280
13534,232
10706,495
1550,8
16452,26
11539,393
11958,2
784,186
17332,60
10266,474
4001,135
1454,289
1932,268
5094,101
9559,13
15573,70
2855,224
14494,52
10436,55
13171,245
10272,289
2137,45
3368,129
7596,339
622,662
5838,176
5162,149
6480,7
7673,473
87,313
16938,51
12330,446
5666,566
4524,27
6887,117
8532,169
7858,30
8503,4
8615,88
5563,61
13452,26
7122,30
574,108
17043,359
12565,19
621,13
762,6
12917,527
4193,542
11755,267
8688,116
9580,447
16397,4
6646,785
6146,4
10420,79
7009,94
10512,165
4845,786
2366,123
6727,2
14559,743
9609,27
983,10
13894,10
843,233
7037,21
976,18
3382,197
14822,462
324,205
12522,82
8228,236
4201,41
803,98
11953,24
16017,617
15087,146
15977,317
6112,267
16013,86
9727,285
14232,182
7753,2
8295,108
2014,2
10824,159
13051,89
3390,94
2902,175
3748,352
3838,96
13431,516
7680,732
10810,11
12447,17
8781,276
16735,24
12228,226
9309,14
9840,343
13520,12
5589,333
16423,236
15311,415
2356,185
1387,430
15685,12
15543,85
740,179
5416,7
10799,16
15308,124
7475,123
3776,40
7536,2
6606,192
2744,177
1869,151
3991,38
6247,1
2616,11
33,3
6207,14
12727,365
2828,178
1019,258
16611,80
5390,11
15130,9
2376,28
1915,2
16028,31
14596,15
6734,217
7888,158
2420,149
4136,276
15876,229
4337,288
3311,152
777,6
14360,948
15359,144
10407,696
370,177
13875,1
5693,232
13585,427
8694,222
16268,212
3417,78
13640,204
388,226
6255,104
4144,255
2954,7
15575,371
2936,10
10036,53
9434,240
1620,176
14082,14
11100,17
14612,62
15540,354
17350,57
9863,627
17092,5
6914,8
2281,436
8773,4
12797,528
9007,8
12826,115
3035,135
3436,233
10925,123
11929,466
5391,189
8805,156
6164,130
14076,21
11231,94
2429,187
7281,99
1253,46
105,70
2801,28
3594,140
9058,50
7216,18
756,11
15625,54
7000,331
8434,132
16296,173
1601,298
2217,13
13498,1
14908,275
4772,12
9307,135
1199,261
14114,176
15569,59
12381,62
2476,137
11428,367
2140,50
13324,62
16032,236
6413,194
12602,124
4537,449
821,83
6394,9
16811,217
4160,252
10973,329
14697,279
12173,148
10872,857
638,283
15969,180
9512,407
3808,136
11024,281
1883,324
12733,344
12540,94
1367,401
8613,296
15751,101
10915,503
16336,27
13596,312
2929,89
10745,157
3199,182
5640,119
11733,117
5081,263
15266,102
8787,3
277,347
2454,443
15776,174
2073,221
6794,88
11586,123
2462,55
12380,99
4598,330
2315,5
5407,56
276,163
15676,301
11883,207
10935,281
5151,14
9828,237
14682,395
15761,76
9171,189
182,56
1037,640
13644,133
8914,334
3226,272
10450,7
7714,89
15548,18
8880,57
7637,245
14190,76
7843,162
11804,27
6588,77
9556,262
8163,230
14611,25
9739,231
2456,436
10454,381
15687,135
15188,27
2727,440
11472,67
6776,70
2473,212
4384,113
7718,585
5672,12
6354,34
3824,124
15971,647
14732,62
6980,404
10924,302
4664,426
8516,5
10598,32
3946,232
9015,294
17257,167
3958,15
835,90
7436,383
6845,463
8253,26
9290,7
13091,8
15078,345
7506,5
9178,104
5281,154
9749,253
17223,7
15211,5
11364,146
9010,373
16831,327
9349,263
12947,131
6889,31
15498,7
12238,380
348,224
10643,94
17129,54
2622,396
13449,36
16118,39
15814,3
3562,88
15586,170
13156,113
13215,144
8534,413
2447,73
10492,442
1976,33
3521,344
12395,285
2531,219
10654,34
14365,208
8008,441
5209,12
4508,241
12360,21
7130,27
16730,6
11400,17
12689,106
927,175
1203,17
5258,563
16387,97
15124,569
16215,664
16964,6
5333,88
524,151
741,173
7466,320
7442,126
7420,17
15493,116
16000,153
3206,356
13033,3
9322,20
9781,382
5946,80
5488,312
8966,6
6608,65
12464,47
4206,638
2398,334
1902,323
3266,104
2612,190
16826,38
7850,518
6016,3
11486,468
2680,6
16461,300
9872,12
5034,567
2972,263
4593,862
13226,3
12497,103
4087,11
1699,190
9361,177
1344,330
2025,76
8695,300
12937,161
10657,2
6392,163
9464,337
6096,154
15412,120
10944,468
15445,21
11117,511
13125,444
4997,142
14619,41
1132,328
342,118
2504,11
10323,102
7036,206
1941,37
17279,198
13665,81
9554,51
3671,180
12261,1
13472,116
1625,313
2799,127
1806,122
12211,2
1955,427
16916,303
8898,11
10475,53
11752,379
17071,286
17069,529
3287,256
10320,171
3454,196
16187,17
16486,179
2611,344
6787,34
15416,808
16055,235
13031,94
8869,15
10939,693
13128,559
15098,283
1364,208
10097,236
12164,149
2909,11
6898,36
12778,29
9272,3
17260,285
14699,306
9172,75
10377,516
14013,217
8856,30
7326,169
12633,226
1761,50
10514,253
1446,70
5602,397
10825,201
6091,422
1501,312
6775,276
16431,4
8076,11
4966,172
3408,109
2832,132
8481,168
12550,256
10371,87
987,278
6796,182
1892,98
15368,75
3550,206
7575,234
7309,2
5603,2
1122,282
8868,288
11466,551
8810,41
11634,5
16702,121
13570,414
16271,248
6277,116
13295,349
360,152
2283,500
6598,7
7507,7
13457,128
11966,232
1071,245
10539,150
7244,195
13342,6
9820,135
1711,235
4824,70
11326,171
4227,443
5566,272
11142,596
6333,67
2354,203
4471,338
911,10
17351,255
12859,87
4293,120
2663,476
7359,238
7924,281
14330,83
14997,686
2060,7
851,314
15079,90
3138,330
7950,101
6475,55
10662,172
3139,225
14871,125
12997,106
16190,22
1900,117
16117,274
2187,228
14858,343
11123,24
3400,2
6959,24
4969,161
8980,5
9114,9
3802,85
11366,241
1725,107
6453,180
7313,35
15916,12
8056,108
8425,244
12420,214
7958,24
2348,154
14306,134
7694,795
4120,35
15506,141
13947,204
4132,300
12465,142
3952,14
16878,287
5945,487
9316,54
10727,12
3070,10
3097,95
3411,52
73,491
3322,420
13182,61
11042,261
11099,4
15804,299
11766,208
5332,273
39,3
8052,117
979,16
11368,93
3008,133
13883,2
4448,18
6053,42
13716,153
15454,331
16667,27
10369,58
583,834
10181,6
4057,274
3937,2
5896,455
9646,213
16389,343
14359,153
4973,107
15422,332
226,40
4177,16
13793,13
15603,4
13165,354
8686,103
16572,149
3715,299
582,441
16430,242
880,17
13111,9
12737,216
14123,64
6072,131
14112,69
16045,223
15337,101
1762,2
2889,51
16015,48
7386,315
1289,206
14097,3
16567,371
9405,185
2346,223
4732,814
15533,8
7934,443
5188,16
2424,90
1360,82
5634,47
12573,126
14903,10
5609,11
13715,25
465,176
11051,226
10947,299
12059,152
10243,522
2223,96
16851,297
14861,659
393,45
13310,57
391,346
8266,214
11079,537
5312,240
7053,70
13822,9
12861,868
14253,382
4585,48
2109,154
11736,319
11753,4
13092,271
7765,231
9866,65
9526,284
3146,285
17074,131
8927,104
3330,255
4398,408
3910,87
9329,536
11587,19
6586,2
13260,6
5817,141
13607,207
13148,113
6673,3
16283,136
8870,8
4987,262
10101,18
10383,12
14616,179
5985,19
2055,23
648,311
6891,148
7811,42
3243,3
4881,440
5413,665
8136,5
15961,144
14315,20
1963,187
575,123
17094,292
10287,900
11985,467
8504,223
15597,82
7624,141
6493,43
2256,88
16069,168
6311,295
6066,258
2030,235
6262,129
16701,163
7992,111
1687,2
4387,289
10932,305
11128,257
6669,44
13043,177
7458,119
12739,196
287,255
8525,2
15283,188
16293,406
16124,96
2554,6
2188,36
11410,30
15966,183
12118,256
76,219
4797,433
7945,26
16623,163
8985,759
11184,401
13582,189
2717,71
12845,5
1218,99
8848,17
12964,59
15083,99
12075,3
11993,11
4549,309
12609,432
12149,37
2617,10
6002,4
1931,7
12186,5
4255,435
8881,160
15421,95
1330,356
12303,11
9099,257
15447,66
15370,12
9906,288
1597,173
16393,172
12245,6
1909,75
11775,7
4811,5
16338,20
8467,202
6642,36
2100,316
2302,611
8264,202
2580,16
12224,1
16243,198
11580,158
12239,576
2881,580
16523,217
16281,66
12299,556
12389,57
16147,153
788,48
9922,137
1121,137
2974,51
6123,283
12060,23
2593,443
9896,68
16913,225
14993,76
10585,176
6158,99
5426,119
9561,56
9275,38
7464,112
13068,142
4446,17
6504,335
8301,222
10040,12
13145,139
7278,159
1087,101
4810,551
858,3
7895,2
12564,27
12188,394
14930,133
7409,433
17210,306
13134,118
11517,51
2965,153
553,242
8258,348
11468,133
12953,113
7725,2
13687,55
6491,82
11712,106
1214,58
9738,227
11991,40
932,42
12586,302
10240,310
16354,125
2162,24
8146,138
15331,686
9754,513
10666,332
12805,30
2012,361
5088,68
11001,9
10178,79
4786,678
12908,10
6894,69
694,492
9403,159
3839,172
2873,84
10667,264
2694,103
12851,30
14109,576
5793,258
14537,171
2625,81
16401,81
14504,114
3069,237
16121,156
4305,72
7554,71
6843,440
1945,124
794,142
9450,115
16460,263
14899,188
1227,152
2350,21
6817,66
7918,1
5087,80
17365,13
4029,441
7525,53
14407,120
3790,214
14661,29
14915,21
3106,94
5292,17
2664,265
4354,416
14646,312
595,43
10614,355
16489,37
16528,172
4297,464
3719,691
16681,664
10584,6
10991,93
3707,51
8545,409
14383,684
11719,172
3459,105
8971,302
7284,11
15855,116
4338,67
5326,211
868,58
3851,165
11947,46
11837,153
1013,351
15973,93
1816,432
16700,43
16824,203
5100,297
2949,207
7164,455
10430,51
10612,2
6719,564
5256,14
977,14
10251,132
5930,16
11383,229
9035,14
9939,247
14991,152
13852,35
13779,237
10096,101
10345,642
2092,3
1347,118
11330,130
12620,186
2787,145
4804,245
5022,5
15350,63
6075,279
2142,5
14363,69
9523,366
16917,10
17230,201
278,215
13603,35
14929,166
12705,20
11465,377
8432,394
1675,26
7038,143
6157,180
11715,67
12668,241
2716,13
12863,84
171,359
11080,324
16604,217
12403,258
14024,55
10760,23
9806,2
12515,17
12250,373
14178,64
17021,378
11576,147
15790,24
3817,107
3457,413
15689,554
15712,256
11716,43
3103,24
12914,261
8938,144
6633,394
7452,9
4282,201
6391,245
1070,61
5575,96
7237,47
16577,383
7713,213
14509,104
11928,512
12585,15
15194,49
2746,153
1453,157
2653,43
4750,30
14609,162
13832,23
1212,31
3709,96
11391,17
1293,44
1390,603
15029,233
10464,181
10974,145
4183,283
16304,133
16145,32
13753,75
3307,135
15170,124
7089,143
3395,297
6973,174
7757,42
12431,157
9173,242
8744,20
8970,391
6414,98
14125,155
2523,131
8152,35
12615,212
862,10
1451,102
15096,126
4875,275
272,241
4073,45
12128,350
1057,228
3722,597
10335,616
9613,286
8493,75
3271,72
8047,187
12923,354
11663,101
10135,938
17299,193
4264,105
14637,260
9871,442
15928,6
425,264
5373,55
6401,33
12976,122
13541,82
6575,314
2070,10
786,222
13781,50
10665,596
482,7
10498,272
8599,15
899,4
14475,89
12132,156
6967,452
5977,385
16859,23
11471,48
723,22
11544,152
12289,39
11651,182
2467,59
5576,86
7796,59
11494,10
10209,262
14213,235
11342,50
2486,285
6666,592
12764,268
2944,174
9121,78
9623,277
16241,17
5372,56
16297,58
3121,168
4924,401
5747,40
2160,577
6717,26
888,174
8629,260
12592,7
14960,257
11986,349
16442,7
6541,86
5502,2
9370,285
9990,239
5658,342
14272,235
7747,223
13336,308
11608,40
3819,206
1890,85
8087,41
99,362
2806,16
6440,43
15255,36
10628,123
17276,32
7315,88
2753,127
14107,406
11940,278
16550,242
15554,404
9732,86
12417,213
10473,69
3500,459
14901,585
3455,303
16786,13
5376,267
13790,122
4096,568
3172,134
7793,103
6434,324
16779,46
8080,293
4696,471
1539,2
2379,84
8588,145
1822,141
12977,390
3305,487
1962,25
10145,60
7865,16
16680,4
7962,91
14063,187
16650,116
8260,9
15652,656
3917,304
10481,45
5670,114
10909,45
9917,10
3967,260
3375,98
8953,229
15325,4
6177,26
12537,1
12986,530
11012,538
5386,148
14989,3
17218,20
3964,159
14683,289
4921,305
3740,5
2432,265
16960,162
4218,134
1585,269
4592,219
16988,191
3974,464
7095,44
4905,74
10684,94
7908,16
12862,123
2698,155
4106,497
890,656
8941,345
1468,81
1988,29
9962,128
5310,342
13809,1
14260,314
6369,268
11349,6
3047,67
4499,3
13201,482
15911,213
2370,241
1283,10
4131,877
10468,384
5514,93
11607,10
1508,2
5608,311
11826,532
3474,33
3282,363
1045,434
14421,264
1697,136
10834,316
3752,4
5682,4
8963,188
17254,258
10289,2
7842,23
11880,304
5459,61
2525,145
13919,658
8689,69
9874,658
5073,8
6119,4
6010,249
9198,14
3863,243
11451,139
3202,32
12626,338
15881,268
15369,294
3022,219
10299,25
13249,70
5262,276
16949,156
2465,64
6602,301
4659,128
12386,420
13874,318
16378,204
3484,158
14562,136
13373,116
16982,12
8700,134
15945,344
109,92
6014,164
12881,547
15153,47
3491,193
16365,173
3658,396
11460,73
11876,33
10602,117
4624,13
13726,75
1148,189
16645,678
11760,333
8663,557
833,315
10545,582
5144,23
2603,163
8446,450
1237,557
14309,319
16219,6
2930,45
16496,5
4443,221
1644,20
4203,402
15892,29
3060,25
16254,580
6278,839
8759,27
11562,154
12222,111
928,245
3650,423
5011,369
11039,409
7298,464
8786,573
10314,7
8405,395
2121,255
8316,34
8057,10
12443,188
13368,235
719,218
9493,518
14257,21
11945,365
14846,225
11284,92
14534,207
12517,93
13792,301
692,106
1912,130
5489,196
4166,873
322,169
6919,140
12169,17
9047,308
10640,2
2572,334
17324,486
15485,89
8031,11
9086,349
13730,285
1405,223
7265,136
13746,3
10077,136
4449,3
15247,44
12907,200
4952,193
1803,351
13108,187
1159,418
5047,73
14840,160
9263,45
9930,2
3837,76
13080,7
7058,18
10375,199
8624,419
11453,436
2412,5
15858,172
10305,240
12020,31
2800,102
7243,181
5387,348
13085,1
10428,85
1238,330
11671,251
8009,291
12388,98
14356,13
1895,75
1279,1
10132,190
2669,128
2230,13
14692,244
12009,60
548,341
12792,77
7691,539
17168,2
1091,226
13833,212
6039,336
6691,155
11405,123
559,230
5753,8
16278,15
14535,362
7600,494
2,193
1006,7
13462,496
13065,220
10986,8
5585,28
3180,273
15481,408
8674,666
8262,376
2306,423
1836,310
10114,5
3397,571
9762,6
16782,94
9675,228
10138,10
3680,91
7070,78
7801,30
3036,27
14301,125
1458,513
2796,389
6199,321
11895,413
3883,357
5642,2
11164,10
6217,201
7749,11
4016,29
11077,351
6416,48
2249,34
6546,306
11949,391
6631,12
14809,65
1177,207
112,144
9330,544
3324,424
6490,232
13197,154
660,227
13676,214
14804,387
14727,3
216,110
14316,252
6539,274
17343,409
10431,8
9886,18
9211,846
640,543
11884,197
1546,117
10146,557
16720,49
16928,272
17330,49
11395,42
2389,98
16497,75
9892,462
2437,77
3261,189
6487,10
11894,8
2363,1
3891,237
8195,247
1094,54
4059,212
4780,9
2286,7
11637,323
1044,1
11257,221
519,113
13525,738
11669,4
11618,13
222,255
10735,427
14630,67
1658,10
7767,85
2378,169
13859,144
6555,90
6514,536
2035,25
14030,6
9598,7
12387,26
9486,282
4901,579
6994,149
3805,10
14784,34
7389,713
4273,230
7137,14
14837,58
13112,151
14110,5
3985,161
14288,498
577,5
7919,33
8235,121
12839,71
16003,612
12215,63
17052,4
13536,184
16191,21
4151,12
5284,363
3174,195
14566,82
198,36
9748,335
5085,478
1294,51
12795,327
2170,8
10023,38
7522,36
7593,112
11038,271
9566,12
7880,253
9224,102
3419,8
6174,358
11398,615
4343,615
2947,193
17366,308
16998,405
14658,124
8491,16
5882,198
13732,504
6941,210
14645,119
10250,128
8176,75
14536,278
14099,39
7867,224
1917,405
12396,139
14067,146
965,392
13713,23
4388,76
7923,283
7893,608
12942,198
4359,555
4938,410
9011,231
10467,6
8448,42
6949,4
2124,193
16102,516
5161,87
9752,116
3126,68
9778,186
10068,256
5325,425
5718,3
11944,10
8678,204
11206,11
4442,5
6536,573
15763,2
3258,5
17147,180
16993,8
7032,14
11540,280
16494,4
10343,85
16908,186
2566,10
14585,9
2586,20
14105,311
13098,100
4547,922
5829,233
4927,168
300,21
11873,178
6678,106
2660,73
8026,140
7947,8
8536,113
11853,50
10521,13
1247,160
2610,221
3075,37
16471,120
8172,87
16155,1
5963,65
5695,733
12130,276
12971,170
478,212
540,274
8885,270
9249,49
5096,5
14622,4
16322,6
16619,7
4887,11
14418,222
16614,152
5970,34
9356,590
5663,270
9794,1
1786,142
9472,258
13404,101
9590,163
6674,225
6696,300
4061,617
16511,114
5785,112
3119,44
9084,7
16853,13
10558,86
4330,495
11538,27
9519,40
14174,240
2148,174
4271,379
752,4
16183,211
14296,13
14743,9
8541,4
13299,149
1368,153
4708,226
11311,9
8850,15
9891,373
8170,479
9365,253
6746,305
65,55
12144,28
11230,43
13942,702
4975,217
4836,430
4108,19
2581,17
5224,741
13375,270
14746,237
6063,104
3757,149
9237,89
16637,52
5745,89
13090,618
8416,10
12413,209
11449,513
4510,791
3672,39
13952,2
3331,465
14471,267
6641,382
2932,285
6383,246
15910,499
5767,16
8061,75
7807,6
8990,8
6525,116
11043,401
5739,17
5480,248
7472,8
10943,586
8627,7
2835,201
4489,252
8950,730
3359,76
2784,3
10213,340
17258,113
4893,56
3309,44
9624,640
1280,17
9313,560
2320,263
13133,585
557,342
3124,508
12113,38
4955,511
9973,213
5200,265
2132,537
9681,113
359,6
15009,182
2128,369
7238,528
3019,205
5553,70
15997,108
4296,68
2129,600
13984,28
17146,17
876,149
3320,219
6353,147
217,224
13531,417
15171,16
5850,450
10276,145
15564,44
14738,336
13834,249
7586,46
10907,8
14165,6
9204,234
1736,96
15080,7
8993,523
6135,581
8315,281
10812,25
13994,18
25,505
7286,177
854,220
8409,53
46,2
7645,274
8808,2
12407,113
13366,226
14665,246
4243,463
14712,521
6433,296
15624,111
9375,92
17139,55
16425,11
3934,14
3428,63
9938,172
10517,23
2783,86
8159,79
9389,558
7667,49
13142,585
1475,66
12499,78
1617,121
9818,102
8317,122
11154,4
14717,118
16010,57
3635,73
14573,447
4683,10
15295,473
14091,772
6612,464
1578,20
13978,323
11495,211
9454,373
10215,891
13311,448
16470,178
3105,112
1351,508
1583,46
5493,189
2898,155
5545,4
15504,29
9143,55
187,135
1472,7
1098,197
5777,167
11605,273
9181,28
7462,150
8757,153
10596,41
6750,122
1229,135
2529,166
16140,302
16777,5
12369,596
6356,452
13481,5
2458,133
6928,28
51,431
17248,238
7335,28
13130,126
6368,27
8074,330
13083,177
13048,7
16974,353
17280,7
4766,106
897,90
3152,35
6230,367
12825,226
7147,26
3256,238
7563,10
12314,602
8143,163
1015,190
14031,78
12938,48
6483,36
6457,181
893,8
8960,144
8247,311
3648,499
11867,112
7272,484
11305,228
16196,2
9911,159
3723,25
11054,123
5120,16
14572,500
11594,376
1646,6
5727,86
11412,143
9581,58
7602,55
5590,9
14090,69
6034,31
1263,9
563,42
2005,492
106,8
4697,153
13490,12
11842,304
12901,53
9385,283
6140,441
16776,68
4114,261
242,141
17231,371
16251,322
5337,12
3230,23
10651,404
13180,26
13376,304
12527,7
1157,245
9616,395
2567,36
10020,7
314,249
5933,123
6917,182
5716,338
7141,174
11680,676
3373,79
176,201
297,432
10026,51
5165,56
791,59
7862,312
10852,255
15457,143
14320,1
8365,460
855,468
16410,7
2385,4
1673,50
12339,111
14182,303
8499,2
1855,6
4787,335
13511,251
15630,55
15795,12
8740,239
9242,632
849,272
564,28
4941,14
15778,342
12352,516
3067,30
7499,7
12221,176
15051,303
3525,122
6535,354
2019,7
6290,22
4733,109
12036,29
4515,323
7546,12
4611,28
1424,101
16188,151
8743,9
15823,712
4295,82
12890,436
5810,271
4462,102
15956,34
14188,18
9601,333
828,10
5610,22
759,107
15377,434
15694,508
8494,178
16299,36
17175,235
10264,10
11266,7
7503,10
3717,693
2670,461
2624,418
14824,8
7912,28
3161,119
13211,208
913,31
12683,3
14656,286
16519,20
181,371
3358,372
4573,276
7003,486
7929,681
12301,27
3629,8
2469,185
9669,497
5880,240
1744,502
12013,62
5379,474
16630,12
11959,2
1704,272
5960,137
16419,123
6248,83
3447,102
7283,296
4145,82
12194,15
5837,226
17051,183
4533,239
9326,165
10054,318
7347,25
1407,513
8094,8
13679,236
13463,53
9113,10
15620,20
11550,140
15728,206
3350,30
12722,397
2087,33
15132,75
15735,236
4389,178
2540,70
1032,319
1014,313
5236,8
1629,38
12531,14
5037,43
9884,96
12888,2
10839,32
16016,151
9954,69
6984,266
14592,112
13573,361
475,229
2804,230
8199,429
14329,267
14905,34
12102,83
9908,227
16448,263
14172,153
15968,121
13680,87
15063,632
12246,54
8256,138
7569,17
13198,16
2728,8
2607,119
12606,330
3299,235
3054,39
254,138
16535,425
5979,153
16359,26
11232,218
13510,211
3767,205
4541,150
5764,640
7393,321
372,273
12392,8
15794,127
14904,4
954,343
6957,254
10497,151
12952,51
493,34
15210,329
4034,353
15191,256
5866,47
515,266
17070,113
9120,245
4371,139
15406,16
4862,3
7175,7
11572,52
17325,9
11296,34
7203,905
12507,384
15065,56
6561,136
27,129
5512,135
10348,591
6590,6
14228,398
15632,32
6233,559
9740,23
6312,11
7592,64
9671,408
1572,370
8835,200
7402,210
13191,67
8268,187
12204,104
11480,270
11389,267
8084,332
16741,59
15952,6
9293,219
8458,315
15525,157
10901,16
5618,6
1408,51
8083,179
17161,58
9816,558
357,7
14218,258
3334,357
15131,4
11300,6
12717,227
4939,52
2750,209
17321,4
6138,35
15161,54
3128,299
13794,487
6910,70
944,189
10625,36
6021,103
4269,186
13752,70
16530,57
2210,52
16898,382
8489,228
4200,356
8041,47
12998,183
384,166
8400,93
2022,164
12793,168
11698,5
1046,4
4689,27
16768,23
10049,122
11270,436
9372,371
4381,86
7607,50
15254,6
7480,222
4915,421
12897,560
12599,176
12673,404
754,246
5282,127
1859,26
7340,590
15758,301
492,36
16214,212
973,211
4873,504
9500,124
3927,78
6618,725
11861,50
6648,237
14673,408
4559,9
2247,332
49,148
12553,189
4673,49
12031,198
15287,65
9053,600
14436,256
8286,526
12262,7
8463,17
12700,24
5266,14
15862,17
9446,294
12177,21
16193,8
4042,382
1677,262
6803,117
11657,380
2029,374
6558,487
1260,51
14543,2
6699,484
3296,535
13071,442
9069,94
9913,152
17307,343
9968,117
1195,9
6753,17
7248,156
12555,72
295,160
2153,15
5098,342
10653,411
2890,407
10057,99
4035,364
16582,23
15867,65
5039,35
15282,135
14390,130
12005,180
14384,225
1667,8
12828,201
9228,343
17172,5
14264,273
1228,28
8965,15
14210,10
15592,57
17002,35
4038,11
7196,38
7552,175
12675,172
13320,83
5684,64
6998,488
10787,222
12736,161
9387,398
11030,174
14489,46
1077,1
5023,313
9993,168
5755,190
13000,17
3977,75
2502,189
14814,25
9146,556
5923,386
4175,6
2948,20
11776,51
14254,283
6788,16
14725,24
10115,247
13929,144
5544,463
5442,196
5761,95
2874,268
9692,170
5245,420
2665,228
11917,107
9715,593
5342,124
13141,10
1180,268
9165,20
1609,53
620,24
9963,270
2152,187
10910,446
7901,449
9338,66
8992,123
12822,261
5623,7
9539,42
11299,362
7803,641
11473,301
9139,71
5831,2
12356,109
15157,32
5573,490
15093,195
8430,62
13606,8
15482,30
3978,120
15316,299
10918,387
13897,2
11095,103
6718,569
9543,283
15480,70
11196,4
2483,473
10967,257
4737,34
8617,442
16308,82
5221,565
2547,6
3768,185
14716,556
9162,111
6752,460
6880,306
1123,729
11144,24
5318,100
9589,64
8823,24
8049,151
2720,190
2181,606
10214,499
15112,900
6389,225
6512,162
3665,110
10340,347
10972,272
10989,90
10952,646
1422,206
6697,113
8149,408
8506,176
1086,22
2178,84
15852,149
5698,218
1531,14
7201,275
7225,1
10899,6
626,130
11501,78
5463,282
3749,95
17234,10
1490,56
14439,61
15276,250
16267,417
16657,264
2428,28
3089,110
7016,148
11900,40
15651,40
14686,11
15028,361
16940,8
10442,452
7621,2
6059,109
13938,83
13325,74
13784,193
3727,361
16472,10
5115,192
3532,92
12948,441
8364,4
6996,123
7848,163
4795,184
12083,178
17079,170
8389,199
13576,206
12784,8
16903,93
2734,209
14176,38
6577,99
2633,47
17261,9
16139,108
6951,279
14863,58
8001,161
9000,253
257,174
9600,552
10861,53
11676,317
1799,97
10311,347
13116,783
4667,157
9327,223
11898,1
2357,462
6029,731
1460,1
3381,3
13348,249
14992,354
14531,5
3797,114
16570,282
2205,272
1989,38
2778,36
4329,6
11146,59
7120,102
680,259
10118,28
10262,25
16128,16
5048,34
7098,133
5639,14
4258,2
11660,540
11492,18
13692,471
7434,3
15218,40
14052,24
12319,8
4102,239
7306,94
15673,40
9812,75
6190,35
11954,7
17160,3
1241,243
7444,7
9672,134
10516,22
13532,45
3745,26
11390,24
10754,326
10136,126
9482,16
16383,111
10876,4
13980,159
11344,389
3920,92
870,32
4679,167
12214,17
544,114
7425,236
13695,228
7770,85
11068,134
5697,6
8108,230
8240,424
15092,144
6615,205
1540,175
2602,372
6470,85
7720,286
10536,22
1391,132
11916,342
13322,375
7401,502
521,132
1853,257
6623,154
17143,118
10905,5
710,108
17054,125
8348,105
6454,82
13293,246
3169,327
13040,24
9527,59
8849,4
13313,8
1994,44
538,194
12912,140
7778,32
15519,545
9410,304
2036,4
17243,13
1978,223
3944,269
1599,39
11139,524
2290,26
12714,28
3696,175
13161,207
13873,253
15209,2
6735,125
14345,311
8593,140
4635,7
2318,86
3833,12
1110,181
12093,20
6948,80
7883,177
10332,53
7161,464
14020,280
7011,111
10027,184
11137,119
10794,91
7200,356
866,33
15963,11
13016,373
203,456
8698,233
13424,138
11026,1
1845,34
6773,2
6054,561
12315,213
9562,382
1146,151
3580,152
5913,377
10923,456
1297,73
7498,575
9595,55
14854,387
3527,451
5504,454
11830,62
16075,196
9089,441
3120,25
9159,11
15933,93
14273,222
15788,327
16018,119
14520,207
12452,167
13616,208
6120,584
13913,33
16270,68
8393,193
10055,301
15785,87
129,300
16170,154
4012,259
16716,53
9883,52
1802,155
886,274
11147,95
2779,23
4232,233
11995,397
7374,293
6243,4
9241,40
4484,168
4690,7
5263,16
8893,172
1781,29
4405,211
6030,398
8932,47
13399,208
9851,20
321,394
13035,440
8206,6
2882,218
16607,3
7677,122
14803,2
2411,375
8832,93
3297,303
15649,7
16034,288
1346,362
7661,505
8529,562
11078,10
1850,388
2878,22
13485,210
9059,64
14797,237
4451,256
6706,62
10838,299
619,94
9640,117
14812,412
12481,316
6836,157
12763,325
6924,476
13308,281
6708,593
5596,161
5717,1
10006,90
6087,57
7783,293
2490,79
45,13
4219,844
4349,180
16457,78
2191,277
3735,4
6850,462
5396,6
12073,284
14074,40
13081,23
1084,63
4830,25
11523,125
4237,97
7325,7
5513,187
5394,822
15419,414
4808,41
1377,39
8354,334
1075,390
11275,441
14072,10
15726,66
12307,191
10390,32
3372,325
13697,148
2652,66
17356,29
4431,48
10437,7
16981,707
832,87
9075,86
1679,143
16168,215
11681,273
11510,237
3798,6
13233,62
13355,13
10828,11
4314,73
13428,7
1483,84
14571,72
4182,38
12611,6
11443,257
146,73
11023,78
2697,181
2673,313
5217,174
14162,90
9166,16
16656,72
6792,227
358,124
4803,85
16871,252
770,312
4014,197
13420,43
14081,126
7786,136
16181,231
5508,1
1202,186
8050,40
4424,779
8382,282
12105,514
7535,360
1372,36
6863,224
5868,26
12304,16
1027,25
7427,467
2497,668
6399,108
15565,180
4478,333
11757,7
12155,18
12821,71
5736,212
6210,355
3606,395
8549,374
12265,100
5586,21
386,398
140,24
3756,90
4377,525
11603,209
15965,72
1828,515
16636,144
7258,402
5279,13
5912,291
125,12
3511,856
8097,306
10172,638
14696,11
1058,625
16101,88
2235,483
8556,283
4668,37
1081,332
5329,2
5475,278
797,367
11631,43
418,224
16618,2
14599,43
10180,320
11655,86
7774,28
2667,12
13659,42
3384,32
13386,225
863,498
7167,209
4362,44
17209,190
6875,147
11555,691
264,54
1193,253
815,23
16374,42
16421,426
13717,167
5917,190
7441,116
16706,2
14041,23
14800,92
9344,317
9942,56
2131,6
4223,165
12886,90
3175,178
13649,8
10359,437
7205,23
284,181
190,38
8573,317
15716,85
8150,209
3972,86
5546,157
11930,3
16402,552
4876,32
9673,65
11190,3
2672,299
14825,202
12575,119
15236,127
2865,20
3303,148
12646,152
2251,7
15663,40
142,36
3939,156
6385,78
16858,182
2161,11
13801,296
10173,3
1788,235
2594,45
15674,2
2499,130
6208,282
13499,133
15530,86
2550,25
6922,481
107,452
9463,119
16733,181
9949,552
13315,267
15196,121
2430,189
3639,92
7198,76
12278,99
11229,4
10658,138
12474,2
2294,730
16588,740
5225,42
10631,422
3218,15
17126,478
8661,805
8916,359
9183,794
10155,103
14266,182
9074,26
13863,8
4321,43
11615,275
14647,585
13963,191
9664,463
12029,256
10162,3
6365,243
14790,343
9444,8
4721,124
1250,3
15851,93
3280,10
1872,135
15143,156
3960,104
12847,125
8067,192
4501,143
9698,55
4738,102
2859,33
14310,32
481,446
5345,37
12835,110
1050,6
1495,182
4600,4
3567,24
15303,96
2345,335
1419,90
7051,66
15258,163
13770,10
5864,584
7891,243
8300,320
14220,46
14341,234
1182,249
9072,222
7004,35
12949,156
1509,343
1036,248
15165,64
12473,229
547,113
13806,113
17183,551
1881,27
2053,492
2072,256
6234,320
17133,148
6572,233
6043,42
8034,172
13906,246
8912,385
12143,207
9418,58
7302,140
8546,89
10931,184
11424,126
738,46
11278,44
2792,337
11696,39
1380,179
3641,171
10885,143
4134,407
3485,15
14817,63
343,5
10191,255
9861,37
17232,258
7337,65
11805,173
10263,230
10940,15
15291,361
6993,345
3077,19
12710,242
17091,397
17058,248
6698,266
12860,306
11609,124
11909,374
10002,76
16868,250
7099,189
9535,309
6307,182
15925,157
657,228
11678,316
15604,5
12685,27
10992,438
6668,17
16041,245
3523,287
251,69
12122,522
9617,323
10578,705
13773,529
2794,622
10123,231
5947,588
560,540
3834,30
1221,54
1349,3
3818,104
11125,56
14388,522
5036,330
10141,161
14766,7
8782,372
9835,25
10531,59
8530,236
7922,19
9941,493
13989,133
9336,12
6088,506
11606,195
15734,177
273,31
8284,26
6038,33
6495,107
9170,365
13788,402
11744,261
10112,119
4979,57
7455,333
7735,59
15436,515
17262,267
1252,446
2284,10
4180,531
4644,4
8005,15
14064,141
4364,303
15385,498
6128,8
2546,390
15982,138
3277,9
5129,276
17297,233
2942,459
8473,174
5798,105
8339,158
15998,130
9662,104
7520,706
3489,353
16571,823
7638,36
2533,40
4953,776
8144,872
16463,265
16104,47
4590,145
15793,516
13470,74
8012,5
15871,211
10210,212
1965,9
9411,123
9304,447
3996,157
6451,219
7681,16
5393,963
11814,38
3434,383
8293,255
8429,34
3123,300
1473,272
2336,48
7307,44
13491,129
8337,21
6162,328
8983,78
6280,644
998,8
5630,7
14304,31
3554,164
8691,3
16206,95
17192,17
11818,216
1835,56
5834,3
7977,20
4191,182
17336,7
4116,4
12357,344
3504,2
3898,241
8692,481
9465,553
10330,193
16141,123
5825,674
13926,58
11380,214
9253,250
4107,4
9355,92
13263,193
10827,153
16329,103
7068,164
17078,389
426,4
10835,188
9517,303
7246,17
6420,218
14761,112
2836,48
16376,197
938,6
8197,234
16754,497
13648,302
2257,500
17342,143
4591,541
16621,1
7222,26
16138,45
5797,6
10964,565
8572,5
4528,79
9150,135
13494,282
2537,4
7540,5
2058,36
8130,129
16033,56
5346,114
16042,193
15425,33
15290,55
4236,80
10080,292
10337,614
3294,185
15985,198
16746,13
13402,89
7162,10
5298,12
11057,61
6522,4
58,5
15838,168
4848,277
9905,184
3281,146
16984,49
13651,66
7106,314
6757,496
5556,8
14595,251
6051,11
473,287
7457,83
12359,259
3387,136
4171,144
16698,62
4192,299
512,105
6379,33
11901,153
15226,16
13868,438
6904,181
9153,408
3820,40
5194,427
1592,29
11745,31
16992,174
1152,381
8327,108
8204,263
7900,104
17348,37
13250,197
14098,465
16813,160
5827,35
14872,116
14593,456
8760,96
8718,76
6989,812
14151,290
8994,2
10360,407
6105,149
1545,264
4023,134
13598,432
2405,178
6544,85
308,19
4889,405
5568,143
7782,432
9674,302
12077,7
5687,154
2041,148
7356,31
9408,29
16048,99
15399,53
1394,12
1476,306
14100,25
10059,304
11481,201
7727,12
17014,590
3628,44
9101,582
633,110
149,2
13437,517
117,283
3881,162
12800,11
13895,120
156,638
8738,1
1898,98
6084,248
1104,30
5042,71
10398,28
14327,221
9158,318
1745,219
13417,282
3904,26
16710,280
9018,3
9105,117
17156,95
11361,6
1117,32
1431,700
2933,5
15741,806
2639,185
4582,539
6942,229
5691,7
10882,300
6721,6
11244,70
7050,266
13388,238
7215,137
431,192
8785,375
11598,120
16838,34
121,476
16848,310
16056,80
5349,30
8282,750
4110,140
8570,69
13084,191
17166,224
9707,93
8567,53
12255,417
6548,316
5336,261
10874,110
9557,36
5613,114
4127,31
2338,121
14895,217
8822,237
14739,6
7627,182
10533,208
8380,299
7382,83
3083,86
15669,197
2202,62
5849,34
11975,370
5906,69
5054,125
5677,116
9284,267
11040,1
1751,201
1560,118
12701,119
11621,330
11228,222
11614,149
1020,10
9771,203
7010,5
13290,4
13668,5
2135,108
8139,374
13696,23
15077,178
8908,7
13443,136
7103,376
6287,346
13077,24
11549,239
2501,111
6864,547
7917,163
1130,189
4929,21
8131,530
10129,7
9544,298
3911,113
3875,90
11697,3
7802,271
4754,403
4358,291
11276,372
7242,428
15302,145
10937,418
4516,194
12182,489
5951,90
16732,72
2760,151
16492,1
2940,761
7557,151
12235,273
17285,12
6371,9
11210,62
16049,456
528,10
16540,171
15121,294
447,8
9747,421
9028,118
2056,98
2623,33
5232,110
7750,22
8367,19
5782,91
5403,288
659,181
9765,123
1063,5
8590,17
14401,4
427,302
9205,14
16144,83
6851,6
6085,416
980,117
3786,132
16901,403
13817,260
3868,108
4530,229
12010,108
5616,730
15584,42
2512,74
11654,1
4280,3
8741,68
2737,200
13742,395
13037,259
13857,11
1215,679
16167,5
12106,370
7367,77
12618,237
4052,424
5003,452
6715,204
9078,87
16767,227
7282,110
8531,261
13628,550
11859,38
5414,282
7771,766
15745,739
2921,331
13960,263
7187,405
5805,201
8826,68
17083,101
5964,279
16836,194
13589,67
9185,4
7955,151
6661,327
13214,96
11516,7
189,134
3068,495
9098,349
7431,239
16475,1
1224,182
2046,7
9392,19
2023,56
10542,30
2768,11
14025,278
3222,135
16821,663
8406,405
10324,169
7993,220
3547,185
13880,21
13540,5
2237,3
16066,26
5560,91
12353,75
8336,323
943,64
8548,14
458,94
16083,233
5220,111
7385,21
10857,168
14038,16
15058,624
5234,18
6799,294
10565,4
5821,31
6686,218
15872,344
4460,26
8748,161
16382,281
8220,377
8543,269
6877,633
16097,151
1319,25
7737,36
5853,243
7073,26
15602,3
8535,481
153,156
7376,13
16505,223
4313,351
6459,87
709,242
2189,424
17331,114
7355,609
780,224
14519,729
14995,55
4746,176
5286,122
2243,887
4056,669
4204,38
2507,15
10293,744
12160,22
7440,35
15469,21
12927,185
14603,760
15318,254
16574,186
17311,418
2460,47
6747,132
10831,147
9466,237
7096,199
286,14
16218,409
4216,90
5086,4
11852,492
12671,8
14621,1
5801,649
14248,331
842,51
1990,194
16775,39
10488,36
4469,131
13691,136
2751,60
3423,144
2045,642
12390,61
12086,757
14364,837
9814,643
11264,37
10217,28
9837,139
2267,363
10676,22
5177,426
5157,604
16279,232
1413,410
2478,62
14108,283
5356,7
1987,319
16286,62
2524,3
12094,307
16189,507
5119,203
15440,30
12309,82
11345,10
13435,408
201,166
875,50
8824,8
10174,255
4636,87
3058,42
1556,59
2113,6
6584,74
258,145
5409,511
15527,356
8800,534
3385,379
11982,32
12813,256
11242,584
580,233
16259,232
6041,254
6582,345
6179,1
5182,1
1936,61
5187,250
6240,10
2564,47
3975,106
9890,126
17255,12
4070,207
6019,100
13496,31
16759,17
7100,3
16790,328
13567,524
11255,516
5689,236
9656,325
11638,15
13990,98
10746,44
5719,382
12798,30
50,49
8342,572
15091,55
7504,53
3924,194
9982,55
6652,11
11756,128
1028,56
3887,171
9690,129
6402,387
5950,39
15779,710
9256,13
6472,213
13411,141
1191,88
2195,40
9952,3
3483,416
6972,97
13176,347
3742,109
3950,420
9833,306
8654,466
14885,110
7322,24
13050,662
17003,261
3694,218
6328,151
10338,15
6370,826
561,45
7511,12
12376,78
13190,1
10402,6
5180,181
15074,160
10229,190
9734,94
4718,9
2759,281
2706,431
7760,25
15546,522
3401,2
2157,145
13559,459
9103,40
12782,141
902,343
10200,220
11124,211
2048,339
306,161
12992,343
11668,300
5581,102
10477,208
9514,3
11463,643
950,345
12181,1
495,37
10914,151
1436,545
13985,259
15172,206
2786,559
2920,416
1522,76
7101,160
15344,532
2852,221
7761,133
8003,196
12975,8
6032,77
5479,64
6219,8
5820,22
584,45
5168,95
15011,382
2771,462
5921,9
8755,8
15757,191
6478,31
15921,175
12126,149
177,122
8945,125
3702,31
8799,332
14177,189
14394,73
772,75
15521,16
12598,40
12643,499
3144,466
5121,11
6786,96
14181,78
15107,196
11070,209
14583,17
16753,36
3895,266
4074,28
9513,20
11003,297
12799,52
11363,211
17313,248
14312,288
1669,362
14146,6
3446,28
13476,26
6456,15
1565,169
14153,6
12112,126
7517,306
13349,29
14511,175
98,268
1188,111
3225,558
16711,503
8140,402
13569,100
14144,493
5523,219
10594,361
8557,594
13105,247
5334,2
8278,612
14093,15
7453,189
8957,505
9507,42
15915,308
13056,10
4390,37
6961,169
16576,333
12111,43
3279,20
1459,180
8022,93
5885,86
6940,18
14460,142
2810,119
206,116
1395,47
3535,239
6866,14
7189,9
9643,294
8117,60
8902,145
1113,138
5811,214
16202,5
4847,19
12165,17
11182,252
230,5
4081,588
13851,245
10143,20
11541,29
4658,4
16339,176
15365,4
14962,34
608,485
2180,97
2375,24
3085,410
1496,50
12831,528
15683,198
5644,17
17141,114
4613,705
3631,21
14806,142
10303,191
16027,572
16252,292
12905,134
9132,302
8095,213
17128,191
11726,276
10258,28
7489,239
4262,495
11496,123
10167,83
13508,79
14169,25
4267,156
4475,44
14191,177
8073,541
9024,63
16844,255
11727,21
6173,105
12865,138
7001,158
3997,425
16518,100
9189,140
56,6
3801,62
13505,60
8589,110
13271,33
15801,8
5102,49
6629,31
7019,158
16579,81
6139,425
522,195
7676,10
5580,102
17185,107
16669,35
7493,358
3942,3
1114,317
17190,444
12095,276
16480,258
15198,56
5176,127
5476,370
4082,271
11942,202
13331,136
1606,35
15293,275
13104,209
11014,203
8940,155
6044,105
5659,301
6344,66
9626,39
5536,108
15859,368
2028,348
1172,10
6811,28
2364,69
7752,6
11252,608
6802,1
15139,443
2154,516
11961,220
4167,350
14128,809
4281,188
17290,33
11729,493
961,152
13390,21
460,181
12264,400
9042,154
656,251
13872,331
12652,167
1281,26
9373,565
10524,692
1311,126
2614,173
17093,131
14056,31
16392,57
310,326
191,189
8967,81
14336,70
15306,47
14974,258
20,278
16175,655
14961,188
13179,157
7041,17
15054,59
8987,78
16060,481
10561,219
11,9
11348,244
15903,134
3229,106
1018,33
424,62
2908,118
11287,88
4686,527
15324,191
9996,210
1374,28
3812,45
10239,226
13992,60
7844,113
10452,19
13610,267
10365,285
5219,10
12581,113
13944,217
14291,59
15991,167
7022,144
3026,190
2964,609
9887,177
6995,5
17305,329
4242,55
16627,21
7005,224
909,489
6671,487
10801,290
3427,185
4756,149
1566,163
13656,147
11059,11
3923,288
12570,240
8175,127
1959,591
11298,192
5511,248
15129,210
15193,156
14802,208
8016,1
4894,33
6000,132
3145,43
14071,15
13400,138
10282,104
12663,432
13206,84
10744,31
3970,90
2817,181
10704,6
14618,495
16086,107
1957,325
11455,149
1768,18
12489,171
6983,156
11109,32
4550,23
12569,13
8892,611
7083,646
747,102
11670,856
12852,93
16173,316
14914,305
3986,2
14820,241
17295,78
16468,49
14589,80
7906,75
9390,267
16726,1
2906,435
5137,320
1060,411
9593,116
986,66
16229,55
16991,18
11528,275
7640,165
3404,811
15163,292
390,294
14458,123
10480,324
6078,74
119,25
3595,285
4936,3
4126,5
6971,338
16114,65
1924,264
14164,3
4926,154
6116,458
14308,183
13252,30
8513,50
3534,305
14434,2
1889,5
4655,65
8168,9
616,60
9702,142
16343,295
6183,11
5787,74
5848,232
16679,32
2287,4
3908,744
10954,170
6945,53
12000,1
12428,6
4241,26
16927,10
14586,245
497,45
11413,54
12902,236
3620,90
401,76
1985,273
10878,465
6890,62
16169,481
17030,150
15362,365
16810,102
86,133
8455,34
2323,146
16809,77
14154,111
5404,17
14581,86
72,4
5806,25
7959,14
16176,729
15880,296
4974,692
3685,299
4687,2
8955,72
1805,728
1361,204
3793,53
15307,47
7590,9
9977,3
7487,10
16467,71
2463,189
10444,182
12248,95
9867,2
1076,6
15884,458
11048,140
1967,495
15402,16
8734,312
11843,46
12787,92
14782,99
8027,66
1969,170
7705,6
539,90
4202,500
7916,38
17264,266
14762,29
14631,485
4942,509
11157,38
5223,223
16902,235
102,126
1061,257
14789,540
1511,536
16108,20
14189,39
15146,51
6012,884
9825,104
6441,402
16783,55
7861,6
2427,112
16929,272
10090,391
7422,152
12985,8
15634,200
5816,427
11906,224
15875,117
2671,161
4426,141
9783,86
3900,85
10862,386
14549,309
13617,240
781,358
17084,195
16224,164
10963,543
9319,240
1054,41
6550,133
1409,363
3603,125
1102,42
6785,11
16596,135
16605,140
5887,354
2715,92
9516,21
7719,322
7476,332
16819,151
2212,137
1940,308
245,20
2089,138
5732,33
3831,549
13157,482
16213,324
13571,23
3117,48
8609,154
14889,35
4324,61
16750,195
14966,36
14906,133
2176,293
15566,240
6829,351
13924,136
15151,211
15455,172
9156,420
3880,274
10463,151
6854,52
16161,170
9578,622
12557,14
17188,744
10329,8
14563,27
16828,478
16447,131
814,87
15398,193
15900,36
11568,167
2989,275
11091,220
13841,547
10031,48
6155,750
13107,87
15688,7
12614,456
15020,202
4799,133
11998,170
13199,32
1462,283
14069,264
3374,373
17027,514
4505,188
16130,50
12887,144
6663,133
16020,13
4350,54
13170,234
3402,785
8351,71
10257,654
2459,34
11828,4
9134,2
15495,140
7523,69
16029,201
9116,89
3633,5
14852,6
15826,172
10976,18
2539,77
15387,13
15250,31
12391,123
16440,345
6408,330
2434,111
494,209
16696,180
11875,202
718,26
12549,84
2240,712
13243,135
16739,293
16772,233
12780,377
4565,459
221,489
11600,84
799,118
17006,35
15769,653
15537,663
6701,26
8873,10
14379,65
5612,248
722,297
1107,17
4610,110
11469,268
1700,284
5359,191
926,212
8750,290
14136,72
5898,36
2536,51
10883,92
5854,186
7731,631
1465,286
12409,118
185,16
1842,7
15635,213
3524,322
15280,374
3544,14
665,148
766,277
17127,63
5434,127
9214,41
11844,7
11879,183
6132,1
8443,33
13821,474
1731,185
13317,232
14938,77
8879,241
1278,6
13546,86
11739,216
1033,46
1392,158
6771,82
7490,196
9443,72
15386,92
14373,358
9857,3
10385,57
5883,230
14275,193
12192,434
14963,31
4021,133
663,8
13958,27
11577,153
7316,42
6220,163
4467,56
10946,157
8581,475
6431,126
12184,224
10439,229
11474,32
2577,506
15836,4
15817,331
10225,21
1181,27
4113,21
2003,10
14375,220
5293,218
5127,146
2199,6
15159,114
6587,326
945,92
17020,216
728,767
4476,4
7983,184
13438,30
8474,232
13827,80
4790,28
13020,404
6113,207
12138,349
4676,215
7658,784
16455,201
13360,10
14016,142
15268,257
14799,360
5714,23
1304,161
14138,1
15853,531
8701,367
7746,46
8520,493
5899,224
4480,209
12919,32
14503,9
14206,86
4963,17
3850,63
10354,4
15736,101
3462,320
1048,343
13213,246
11525,35
7399,99
16277,101
5631,208
7751,22
1684,20
12850,69
1285,288
16686,84
5231,6
13635,186
12972,97
53,185
10529,8
1680,222
5539,111
6134,17
16498,8
1273,84
16381,191
3710,12
15108,501
4656,66
14377,18
3860,247
3361,274
14990,7
8610,27
9191,89
10636,29
5888,201
12658,58
16542,296
16752,24
8857,44
8949,216
16050,39
4249,228
1796,213
15748,492
17169,50
4900,155
433,23
12616,123
11808,5
16371,64
12869,22
3141,296
13273,711
12001,158
9067,1
12551,15
10731,31
2818,350
14763,152
13335,12
12734,106
14719,279
15317,166
5397,275
11713,20
7512,52
12310,223
16458,11
11055,41
15395,254
17015,375
2509,269
7933,354
16258,292
3421,458
12058,3
11049,511
6360,92
12728,399
5531,184
8571,283
4826,194
15010,373
1759,188
10256,142
11860,168
1179,527
16246,140
9860,37
12966,6
9947,167
14305,13
16094,122
212,6
6037,276
2986,159
16134,445
8223,10
17101,291
11764,166
9102,186
4800,168
6841,251
15126,109
4445,167
13528,365
14355,27
10291,86
5410,194
9350,134
6670,362
12546,33
15520,27
9190,328
1062,508
10656,5
9776,147
5751,107
8708,184
11989,694
10124,513
5703,15
14870,270
4922,96
10758,13
9424,250
1600,3
5943,17
15017,126
7305,9
15491,124
11307,333
11801,4
7702,60
7262,19
3528,53
2830,138
10858,134
4513,101
16904,8
900,110
1210,251
4984,2
7311,556
13009,314
10911,345
13414,430
11821,217
12017,231
6403,26
13220,32
10028,178
14862,595
13768,114
10793,304
7745,551
3689,233
5641,232
1681,11
2419,254
6759,6
8452,27
7479,276
3155,370
1654,179
4357,288
12751,56
9751,406
14700,11
7625,78
3746,84
3682,57
7857,30
4640,1
6730,150
13590,18
14368,242
12419,200
10019,150
8929,221
4958,3
402,546
16714,316
1944,22
7080,285
6450,520
4355,180
4376,531
5485,299
2233,286
5737,114
17288,246
1275,35
15764,116
3043,259
14751,287
6828,8
2396,619
10951,337
603,45
17201,27
3706,332
7762,8
1559,28
8598,67
2264,240
2492,268
15857,39
8884,359
3656,140
13921,13
6148,403
13139,113
9273,346
10957,41
12520,194
15088,399
5092,222
4179,291
16971,34
15341,130
7406,253
5030,68
3171,283
16477,1
9921,19
2485,129
4318,86
3884,7
1885,614
10755,209
11283,27
15598,127
11268,569
9522,22
10286,817
17247,4
11029,38
12680,897
9021,5
3711,56
5287,37
13611,259
14244,457
2719,338
11071,77
6215,101
4090,112
10682,65
16093,204
1742,137
12820,119
11914,238
16450,24
13886,330
7949,13
6797,514
10641,152
689,63
16162,220
5629,28
3249,169
13810,233
7031,89
823,108
13352,199
17025,276
9431,54
3522,132
11545,223
14681,457
5078,487
4289,108
8562,7
14297,400
16216,21
3027,31
16744,395
1169,260
6421,128
11067,470
14237,90
10218,2
1515,84
5436,235
8899,206
15409,337
6205,187
3759,130
841,13
5700,64
6397,19
7257,3
14959,195
395,428
8958,293
9582,179
9830,40
4983,137
12061,434
4727,6
11387,653
9283,5
2435,147
10866,196
10268,358
13279,41
4101,220
14269,45
3458,394
14655,457
15405,527
3082,129
16129,261
3208,359
10613,42
7799,260
13813,84
6907,417
9496,198
184,151
12410,358
4198,103
4619,236
12042,869
6275,265
9161,141
6824,232
4886,159
16569,5
4148,36
12257,163
17322,195
13755,195
3496,27
2110,15
15244,161
11377,131
14437,36
16765,104
12885,116
10459,425
9325,3
889,106
16113,328
14626,98
2912,123
161,249
9964,58
11955,196
11441,82
3907,301
5317,16
15410,154
14777,20
6675,120
259,563
12011,7
5900,261
2553,143
12171,171
11939,149
4789,129
12849,244
354,127
6265,172
4256,10
6239,498
3219,254
10994,63
7618,365
6809,5
7390,94
15508,1
3935,435
9187,247
429,31
17157,162
7157,98
11197,294
13347,263
10170,419
12084,239
2557,626
2971,97
8658,378
13489,318
13303,356
8747,48
4606,249
2296,27
13666,94
3912,155
8906,131
541,183
9642,340
3188,148
3822,97
8402,405
16513,136
12273,705
13854,119
9269,411
3414,276
5467,89
6202,99
2299,342
7084,34
8633,359
4538,244
7544,175
383,16
2004,175
551,52
1516,332
4577,314
12450,141
11313,675
2609,48
17167,174
6688,3
15175,10
14049,8
1324,82
13274,85
2621,14
11687,57
15627,296
6831,169
6761,148
7969,407
12830,87
14541,704
5471,145
4827,232
12161,10
7116,102
1778,114
8632,366
2955,7
11911,330
17026,157
13953,92
5752,337
14680,17
17077,341
11086,3
10956,158
5371,153
14040,27
14417,80
8979,210
3418,564
5750,525
11803,270
12528,41
7965,98
9644,50
8891,255
4,5
9704,339
1164,272
5669,247
3848,353
7834,2
16464,11
4813,289
5241,194
457,306
7935,65
510,93
8111,260
1888,116
329,326
6593,61
9303,79
9461,3
10620,5
13506,469
13518,506
8775,7
5711,35
11703,31
2477,78
3896,5
14027,303
642,132
14381,304
11478,435
7081,171
11927,259
14313,249
345,250
9555,5
16356,81
15090,184
16601,113
10761,18
8281,97
2600,334
7741,8
4259,119
13131,241
6363,43
8820,15
14442,21
4823,124
5598,83
5186,23
17214,16
11857,162
4677,281
11797,76
7717,222
10926,403
5008,126
8341,39
5496,204
6563,222
4452,31
16797,179
10723,141
12157,147
5702,379
2513,1
12116,139
13630,31
10646,274
903,155
2822,242
9550,579
6533,31
8305,65
10518,11
16707,164
12463,390
10632,328
14008,108
11672,160
13615,305
4930,163
8937,188
13204,62
14980,42
13237,243
15145,112
11475,433
7114,205
12513,303
2068,23
4853,217
3328,269
13359,148
3705,267
5222,380
12379,64
3006,607
7156,5
15953,14
4957,7
10869,256
7941,252
11791,471
3988,300
1589,147
7173,16
11362,7
1983,115
2339,298
14246,184
16415,410
11790,37
14149,458
131,114
9546,317
9817,408
9756,184
4404,657
7496,136
3214,80
4514,7
12688,48
11440,84
2661,17
1410,195
17046,212
1512,552
7129,57
13877,7
10190,137
6228,348
16482,8
16203,190
7526,31
15605,127
16869,36
5228,102
10108,270
17119,498
14085,35
16525,241
4004,29
6871,46
3125,302
10062,208
4274,154
14643,147
1340,377
10962,70
2049,81
296,358
1186,294
7384,579
869,41
14050,36
15587,58
15119,265
2511,6
5399,95
8596,165
4265,7
3932,92
8696,109
734,475
7149,3
13291,173
17149,499
9985,24
2438,280
10267,62
14635,108
1124,7
12518,45
1373,479
5859,55
4157,621
12437,6
6269,2
97,434
13954,83
3476,55
11461,258
5431,47
17309,322
16563,51
12496,11
1005,4
605,564
37,8
11432,445
13563,108
14205,130
10472,236
7357,13
9736,303
9894,64
12892,187
7833,69
3210,6
15972,169
15589,45
7110,305
1810,200
3298,195
2488,19
14247,97
8044,197
8948,16
16770,8
2598,640
16171,662
7342,4
4870,195
15612,232
32,18
15796,16
12720,472
11527,11
15567,29
6147,782
8381,12
5308,363
13950,114
11897,208
8248,73
474,104
4011,284
15327,8
10953,284
12500,3
3114,118
7236,253
1307,2
6837,342
7334,295
12510,88
12523,406
11513,323
1665,432
10061,184
12559,489
3763,47
5274,185
15256,116
16303,300
8167,55
6203,78
14579,455
16510,561
6436,900
16616,48
7410,66
16599,168
11075,214
11988,8
9063,300
13039,366
16943,157
8828,218
1899,179
15470,26
1189,9
5832,152
3405,704
10204,165
13853,529
1197,130
8138,28
5894,292
5135,123
16451,238
2081,20
6679,88
9661,47
9364,18
3519,117
5478,460
7651,425
8427,251
1356,80
16970,461
15203,301
16784,462
1748,118
13468,120
13982,563
12178,737
9149,147
452,57
5972,654
5450,69
175,67
12154,604
1136,25
2811,94
13623,13
7822,386
15336,312
15479,311
3959,87
610,356
12629,444
6886,443
7971,8
16403,14
715,660
13718,434
3433,827
3072,211
17090,86
7825,184
11584,209
16682,73
8611,93
10804,38
4149,46
15885,37
15174,41
7787,221
5956,108
16918,404
1937,28
1730,29
569,10
594,130
5240,223
14061,253
7505,371
3753,366
10621,111
10708,148
7396,14
5733,418
12172,90
1321,514
12636,839
14385,213
3608,342
15478,156
4820,57
15845,103
11404,44
10532,230
2975,115
2201,19
6954,107
5400,63
13899,21
3224,13
12190,454
12335,394
15288,6
252,373
17173,134
667,116
337,73
3343,7
36,174
7151,425
6621,98
10753,502
12874,258
12568,11
11060,338
13856,674
4300,205
12,5
731,249
16793,9
15704,503
2941,5
3512,67
14055,45
12055,15
6772,228
2409,22
4614,140
8352,157
6835,706
1145,145
9737,29
8207,263
16758,55
7826,2
4422,5
2628,54
6396,5
3087,543
352,9
6231,110
10434,390
12233,103
4625,732
14317,54
1672,113
967,21
4458,12
5655,366
6437,14
11498,163
1891,291
9043,244
17170,155
9077,492
7953,26
8397,161
5984,212
2238,28
4060,39
14078,9
15879,16
3493,288
1264,242
3057,38
597,43
406,196
11382,374
8442,14
14014,89
17000,117
2928,109
13594,154
8665,124
4005,352
604,406
13354,183
7468,236
14211,884
9632,341
14947,157
11309,78
11990,279
13664,233
5895,19
2677,2
9710,147
919,757
11923,336
8090,287
13602,84
2123,148
4828,26
7553,50
17103,234
2950,2
12725,286
8362,101
10891,176
14867,6
12779,214
8702,100
5503,523
2301,644
1101,170
10352,280
9970,433
12488,17
7909,425
16504,353
3233,546
9607,42
11000,91
6055,196
10705,6
417,33
8349,387
3713,268
7234,3
13545,13
5871,125
13967,684
14698,159
15661,35
8551,14
9081,3
12384,313
8127,33
2125,177
7317,149
4408,359
7652,254
14358,230
3640,59
1080,464
9639,333
9023,99
637,526
7168,710
12560,7
15225,342
16103,297
8867,630
14890,488
16100,122
5252,244
2031,340
984,74
5128,14
16994,3
13003,88
15648,5
4403,303
6990,224
15783,10
4761,62
14556,70
2021,105
15860,313
3874,87
17042,253
790,200
7484,601
10246,7
15148,423
13878,387
2777,223
3253,260
14152,42
14577,81
7792,120
11317,335
9044,309
14461,409
1709,363
16771,48
10734,870
3674,326
3750,680
690,11
1420,79
13658,126
3437,179
13839,16
11101,215
14184,390
3347,634
4494,69
4155,59
3730,591
9209,5
629,197
11134,267
8436,244
12656,128
16009,779
12767,452
4567,8
10326,290
1554,360
12711,460
16399,171
5212,13
14004,9
7877,38
9842,155
1615,31
14117,2
15797,69
9721,141
5534,2
7166,172
11664,104
1065,452
1137,211
11936,49
14478,5
12987,52
362,31
1813,106
11742,178
5344,103
15646,3
8676,85
7570,61
1925,21
1270,237
16816,449
15231,4
6273,1
12814,261
607,225
4594,227
4589,188
11193,157
16832,94
4345,153
243,523
13574,273
10374,197
16077,219
14567,141
14396,592
4946,198
5494,5
12104,491
12294,525
923,234
1754,425
13655,8
1794,129
12045,80
11167,17
7902,179
14831,468
9020,78
1301,128
16883,30
3578,17
11082,3
16051,17
14482,4
5140,280
16678,234
9034,139
8309,91
2981,65
16694,12
3861,164
3632,281
707,157
10770,35
16876,74
729,65
4039,8
1074,116
15452,423
4544,396
7975,402
4791,196
11179,811
7185,150
14196,155
13114,492
9585,738
6978,5
15205,87
7840,6
1385,57
5095,116
2250,494
12872,179
15511,438
3004,11
16011,298
14079,2
3681,334
15005,261
430,74
11158,288
13614,227
15878,23
2245,517
14909,358
8907,233
11249,5
14073,118
9317,527
4806,355
1206,360
3042,8
10855,5
11392,275
1267,56
6596,177
12940,154
8353,185
9222,150
17111,440
8721,277
2642,72
13991,147
16823,298
9240,17
12516,85
8677,162
915,10
2185,287
3326,273
1574,180
1129,317
15636,431
13316,11
6257,15
10776,704
17216,72
16866,374
8411,24
6093,302
16923,463
8059,19
15992,202
11799,36
4196,39
2472,14
470,369
7534,367
3738,33
669,289
7219,509
12098,217
6614,112
5469,142
12641,155
11399,344
3273,35
16194,455
10942,218
8267,491
11667,52
7255,36
4954,243
12889,16
7911,48
6549,213
9358,2
16973,121
7754,262
8257,30
16914,89
2520,30
4965,356
3668,70
12438,1
1400,166
204,192
6676,136
3039,174
12823,151
1009,65
13647,261
5319,309
5044,431
5617,358
6626,35
8515,164
14451,32
2558,564
2803,65
699,384
17339,2
4906,953
11289,159
14393,182
17208,206
228,176
6,196
8683,157
3597,420
13902,183
14502,204
8062,443
15697,45
4340,176
5760,112
15264,426
12432,224
3892,97
4699,177
9904,73
2279,1
247,32
5492,277
13673,88
13346,3
8925,182
5474,18
6282,114
15060,96
10318,272
145,248
6632,47
15320,47
8975,341
12996,228
2656,550
11065,170
5759,49
12127,274
11747,142
7839,527
4439,8
2618,13
375,25
9003,59
12589,211
10244,292
15229,299
13377,33
12097,65
3002,152
10121,541
8720,564
16232,21
7650,56
2334,126
14916,337
6471,178
14010,208
1362,207
11771,333
16369,410
13019,78
11239,113
2863,367
3295,314
6424,90
8649,453
15361,294
10060,508
14582,7
14662,74
16676,5
5657,10
12292,175
9080,188
6313,79
10448,212
13580,292
931,69
8036,5
15522,529
4263,106
15133,438
15582,45
736,493
9855,154
16143,3
8527,131
6211,170
3574,106
3545,369
15517,350
17013,98
12402,296
8214,81
732,505
7045,25
10168,64
8825,247
15389,491
6358,13
8882,165
10927,560
2222,164
4884,23
9638,40
9025,107
3268,11
12801,53
10841,237
1755,335
12794,130
727,449
17073,49
4944,482
2496,200
6763,299
14522,130
6285,8
10366,21
13259,482
17194,8
4535,384
15358,692
7333,351
3364,425
16408,40
2896,5
17116,306
10903,2
14633,365
16755,99
15659,50
59,26
7633,353
787,385
11225,409
676,176
9761,19
7063,4
10247,12
13025,120
14829,808
6920,486
6031,62
16405,221
6331,2
2156,277
7738,150
14183,570
15931,82
13849,343
16327,41
2080,62
8465,157
16099,5
5876,76
8804,370
16827,49
11052,6
4511,9
13808,4
14443,16
12529,467
13731,239
725,212
8758,78
3234,328
8854,76
9844,272
1916,47
7869,41
6303,150
6349,324
16428,143
4630,438
4866,654
2039,556
11372,109
16059,41
9352,279
5427,346
17282,628
165,8
2590,54
17064,12
3953,226
4276,122
14339,20
15645,12
7976,644
10544,326
16899,3
380,109
11761,5
5600,3
962,135
2573,381
991,222
9393,309
4989,49
17317,26
8308,69
11126,632
6305,72
5903,230
2255,499
9558,10
10334,28
16261,504
4980,122
15221,46
12622,148
10629,215
15427,500
2269,122
320,192
9160,208
5454,20
13082,547
4609,687
3541,213
14874,14
11141,80
17165,338
10817,286
11765,331
9718,68
8312,24
12167,222
229,282
15556,304
7998,94
15326,190
2018,337
8323,3
623,38
456,9
2059,129
13282,140
3736,250
16105,142
2309,52
15843,452
7020,361
9865,232
15844,1
5855,135
824,190
10716,86
8697,86
8928,50
5437,52
15497,18
1706,2
4368,15
13624,242
3698,4
7094,511
2588,218
4512,481
5981,236
3610,18
12070,108
10201,56
2241,22
10933,28
1821,12
14224,293
5164,55
16729,329
6816,463
13729,383
4472,30
13619,22
15111,75
9335,482
15164,6
13008,396
11952,337
11591,139
7264,372
981,404
8218,1
4033,128
10806,41
13787,579
7524,487
9460,33
2738,58
6569,49
12363,338
6655,16
9719,9
15890,292
8864,711
4840,120
4734,283
4378,32
3157,331
6876,373
5778,210
4392,300
1095,98
15744,306
101,75
394,586
16609,18
15834,127
11346,275
2001,36
16126,64
1204,52
12340,111
14648,149
819,3
15453,219
8973,274
1478,549
16453,299
13469,171
6909,21
7695,4
10982,188
16337,59
16884,3
10895,285
10321,391
11050,638
17029,30
6180,345
7699,251
9796,98
3662,371
6925,395
7818,16
3040,54
15001,402
11741,115
12365,40
12747,213
8602,35
8801,976
14836,389
5147,5
3367,283
16107,205
9279,77
14015,328
1818,12
14084,445
7421,125
15035,138
15611,310
3235,45
2968,180
11773,25
14896,19
10712,139
12280,85
280,334
12572,71
13351,536
9548,27
4496,132
952,227
15110,188
5440,13
10418,62
10029,310
7629,29
5743,231
9435,11
9619,322
2204,90
15055,489
10821,141
9359,44
2605,32
8630,347
5741,55
5025,41
11925,13
16887,195
7245,10
9720,136
8498,5
11807,261
13251,11
2763,32
5107,173
5619,332
13041,34
2091,827
379,254
16407,235
3653,41
7352,175
13239,169
10829,6
74,357
4536,19
7610,289
16438,190
3737,226
5380,5
11422,68
598,766
4066,195
10281,155
15067,144
4143,436
6805,66
6658,86
16795,285
4880,104
10007,14
5786,187
15979,152
14299,85
8000,181
3841,201
11271,51
11402,322
5974,112
11131,15
878,687
16157,152
2402,871
1276,226
10425,157
1303,39
5347,9
5384,204
15719,292
16533,302
8576,514
11659,517
8024,68
8287,843
10664,372
141,421
8637,311
7195,713
5800,312
9822,93
8730,75
256,21
10116,2
8901,109
8585,201
9471,294
14120,10
4634,172
15727,171
9766,857
71,283
11693,101
1012,91
13262,115
12358,472
7158,210
14392,134
12288,318
4328,162
5199,92
16391,91
15212,382
5210,27
5890,54
11308,137
1773,214
9324,5
13478,274
804,62
5614,194
4627,37
3283,287
8533,339
7636,60
10522,121
2565,11
16512,139
11265,28
11105,146
9250,258
10188,213
3690,73
13722,134
2278,50
7589,153
907,430
13683,4
7921,4
13393,161
5142,96
13516,435
11094,238
13613,160
518,68
16307,196
4051,10
5636,286
3480,78
2101,73
10455,16
6178,210
13152,51
13646,757
1355,128
13887,225
2122,308
10063,20
16524,18
742,501
13441,70
9651,148
16065,299
7603,112
10815,336
4911,303
15214,132
15848,171
17273,200
12480,201
15372,6
4564,109
677,13
11749,301
16792,19
12065,83
10900,6
241,53
4158,32
5013,107
3104,491
9799,5
14006,60
12617,91
7963,106
8930,540
14848,101
5046,138
11418,300
9531,73
17150,275
15375,120
13155,308
15870,11
3990,23
9620,313
1641,441
10147,10
1996,33
9757,373
7292,420
12205,5
463,178
12366,37
8951,17
14391,2
7690,91
9347,498
3616,285
318,313
15724,106
4616,140
15432,478
12954,229
132,171
14000,549
11748,518
13038,233
7229,89
7332,92
126,26
5226,313
11626,133
2916,232
7642,184
316,266
8751,5
9459,260
9128,824
1467,71
10064,124
8384,614
3813,129
2391,74
12775,93
16760,153
2114,2
2819,280
10015,1
4817,126
8672,190
4534,11
4097,204
11754,212
6507,7
5676,226
4018,222
12842,4
413,4
17145,178
3041,9
10379,192
17067,327
16969,230
15109,292
12332,149
13246,35
487,237
9357,80
12401,18
8292,33
11787,22
1271,79
989,5
12251,96
7775,29
10916,26
6107,191
5592,15
13785,274
16737,33
16670,9
9786,13
10409,64
7193,299
4027,7
7250,262
12558,69
7542,136
2211,209
14409,50
10693,120
15714,4
13892,380
10695,24
1088,148
17364,459
4414,7
2791,150
5583,568
6163,71
1549,367
13186,538
13163,324
10572,68
11092,68
15298,228
7894,19
3142,103
15183,505
6405,328
5,185
6151,490
12539,3
14195,38
3764,20
11922,170
16038,8
17144,497
7176,2
3576,207
8942,189
3726,163
6520,410
281,11
7460,96
11482,12
14134,161
3217,407
9805,149
11610,118
13054,389
6981,4
14705,7
10990,414
7779,400
2903,143
6198,3
10535,109
6304,36
15959,306
14406,75
11624,361
14298,8
7177,481
15125,7
4055,259
8419,106
5392,6
16111,194
1486,205
9235,345
4163,47
15181,473
6076,496
14457,39
8129,185
11848,535
7251,4
6156,278
15917,12
2112,368
8343,87
3314,120
11845,120
8634,93
8860,177
12347,472
9295,43
11836,184
8183,5
2415,3
1939,7
225,128
347,163
5932,6
16895,104
10380,379
7982,264
14919,724
11980,188
11151,314
14711,207
7612,712
7169,72
13555,194
992,576
88,6
13027,129
2037,296
2221,351
14979,87
8320,16
8922,63
15013,28
9684,108
16907,9
9093,270
9621,30
12316,38
5311,7
16857,416
1345,41
10784,103
14826,232
3194,339
4456,79
13865,473
506,770
14265,405
14065,159
3167,282
13745,231
13739,240
3477,196
8344,198
8507,20
5458,584
15265,5
15259,22
6780,49
128,245
15122,6
6501,7
12773,117
12530,10
7545,274
10650,286
10511,46
10743,546
8934,7
7537,5
14540,33
14978,7
4022,176
7142,74
9712,35
13196,472
16067,291
1612,126
3731,74
11532,233
15234,88
10357,62
103,44
1056,32
12566,6
16064,16
2503,9
1605,2
14580,44
3176,281
3859,291
13812,34
9202,187
8924,586
4869,202
4956,63
5529,138
7561,385
7805,351
7734,6
2780,518
15486,4
12612,230
12982,138
760,464
3244,32
6934,141
2846,129
2814,172
361,393
9246,136
14328,103
7872,5
9033,353
1604,40
13527,282
17376,76
10836,23
6908,151
9706,251
13780,31
5823,10
15944,194
15644,513
416,244
7432,212
389,115
12856,352
14650,11
169,3
5006,1
10260,2
7482,299
5803,530
16956,32
15765,87
3444,49
11732,342
2295,121
9462,355
11087,210
8517,9
10416,49
13296,222
11436,649
7398,240
7429,308
654,174
4077,5
6145,45
15733,146
139,494
8947,327
14062,16
9017,118
681,550
10696,262
10520,439
9821,86
6620,123
2596,461
3543,7
16178,157
5773,292
12088,90
7064,414
3257,21
7183,469
2146,130
15781,196
3200,25
14998,380
6196,13
17048,169
5244,106
4778,85
2967,328
10044,28
6795,180
13146,182
10102,112
13934,336
1950,122
14653,16
14833,50
14516,189
11534,4
9862,633
6347,51
2436,129
11176,26
5438,271
10232,148
4047,88
7349,15
10575,7
11162,3
14371,185
5113,144
10296,106
11116,14
7148,122
4083,503
1185,241
16316,97
16748,36
8492,1
232,135
13855,249
8480,95
10556,160
14975,236
8194,70
15902,7
9969,167
1782,216
4574,332
1541,86
7683,127
11571,107
14444,210
1083,16
6810,284
5448,425
11556,90
10389,835
3220,314
6204,147
10111,285
1007,225
7639,129
8025,84
2723,210
13379,495
16798,95
2422,219
673,427
7220,385
7854,698
3386,130
7015,283
1951,75
10711,136
9987,16
11201,142
2793,260
11877,158
15930,24
7154,25
12554,59
13843,239
12108,14